Joella,781306727,7518 Bald Hill St
Fiona,132602947,7076 S. Livingston St
Dione,458612516,7272 Broad Street
Juana,711142109,8714 Ketch Harbour St
Dalia,784283878,9911 Golden Star Street
Chris,420089290,7642 West Eagle Street
Erica,482281057,7560 Newbridge St
Marlane,740823697,8587 Newcastle St
Mame,180683945,603 Beaver Ridge Court
Amandy,358551723,671 Willow Drive
Dalia,281469966,862 Devon Drive
Jaime,382266048,92 Lake View Street7518 Bald Hill St
Ema,686197329,7076 S. Livingston St
Jerry,653257930,"Etobicoke, ON M8V 4N8"
Elizabeth,595957586,"Kingsclear, NB E3E 2A1"
Jenni,274946702,"Sainte-Julie, QC J3E 6X1"
Malena,132575551,"Wallaceburg, ON N8A 1C1"
Bride,426484803,"Hampton, NB E5N 2Y2"
Lee,745905992,"Fort St. John, BC V1J 7L2"
Nicole,455054719,"Smiths Creek, NB E4G 3A7"
Noella,357691437,"Yellowknife, NT X1A 8K4"
Fredrika,914958586,"Riding Mountain, MB R0J 3E9"
Zarah,810781674,"Cartier, MB R4K 2Y1"
Lolly,988475633,"Asbestos, QC J1T 3J0"
Danyette,326304048,"Keswick, ON L4P 1X6"
Dorry,917677002,"Meaford, ON N4L 5R2"
Etti,681082258,"Lachute, QC J8H 8E8"
Ted,415335708,"Highlands, BC V9B 6B2"
Belia,152505304,"Alliston, ON L9R 1M2"
Bunny,718664089,"Kincardine, ON N2Z 0N8"
Bride,204484703,"Sainte-Julie, QC J3E 6X1"
Sybille,272716684,"Wallaceburg, ON N8A 1C1"
Dorry,250135072,"Hampton, NB E5N 2Y2"
Brandy,513776397,"Fort St. John, BC V1J 7L2"
Martica,603137627,"Smiths Creek, NB E4G 3A7"
Julianna,460740118,"Yellowknife, NT X1A 8K4"
Joby,918961062,"Riding Mountain, MB R0J 3E9"
Kristin,166509934,"Cartier, MB R4K 2Y1"
Fiona,103392205,"Asbestos, QC J1T 3J0"
Lynde,733363624,"Keswick, ON L4P 1X6"
Ada,353409925,"Meaford, ON N4L 5R2"
Lee,536984414,"Lachute, QC J8H 8E8"
Alica,848073341,"Highlands, BC V9B 6B2"
Tiphani,210082711,"Alliston, ON L9R 1M2"
Elsinore,263915763,"Kincardine, ON N2Z 0N8"
Susanne,156719215,439 Amherst Dr
Giacinta,813005879,8993 S. Sulphur Springs Street
Erica,386534225,8722 Bay St
Tamma,862077794,284 SW. Heritage Drive
Deerdre,130149355,373 El Dorado Ave
Henrie,216459913,701 Bridge Ave
Dorry,181944357,237 High Point St
Ciel,733677222,73 Lafayette Rd
